Downloaded: 9 files, 432K in 0.008s (53.2 MB/s)
Downloaded: 9 files, 432K in 0.008s (53.3 MB/s)
Downloaded: 9 files, 432K in 0.008s (55.1 MB/s)
Downloaded: 9 files, 432K in 0.008s (52.8 MB/s)
Downloaded: 9 files, 432K in 0.008s (56.1 MB/s)
Downloaded: 9 files, 432K in 0.008s (52.9 MB/s)
Downloaded: 9 files, 432K in 0.007s (58.6 MB/s)
Downloaded: 9 files, 432K in 0.007s (56.3 MB/s)
Downloaded: 9 files, 432K in 0.008s (53.7 MB/s)
Downloaded: 9 files, 432K in 0.008s (54.8 MB/s)
Downloaded: 9 files, 432K in 0.008s (55.7 MB/s)
Downloaded: 9 files, 432K in 0.008s (52.0 MB/s)
Downloaded: 9 files, 432K in 0.008s (53.2 MB/s)
Downloaded: 9 files, 432K in 0.008s (53.2 MB/s)
Downloaded: 9 files, 432K in 0.008s (53.1 MB/s)
Downloaded: 9 files, 432K in 0.008s (54.2 MB/s)
Downloaded: 9 files, 432K in 0.008s (55.7 MB/s)
Downloaded: 9 files, 432K in 0.009s (46.9 MB/s)
Downloaded: 9 files, 432K in 0.008s (55.8 MB/s)
Downloaded: 9 files, 432K in 0.008s (56.2 MB/s)
Downloaded: 9 files, 432K in 0.008s (51.7 MB/s)
Downloaded: 9 files, 432K in 0.008s (54.4 MB/s)
Downloaded: 9 files, 432K in 0.01s (37.5 MB/s)
Downloaded: 9 files, 432K in 0.007s (57.0 MB/s)
Downloaded: 9 files, 432K in 0.008s (55.4 MB/s)
