Downloaded: 9 files, 432K in 0.001s (806 MB/s)
Downloaded: 9 files, 432K in 0.001s (799 MB/s)
Downloaded: 9 files, 432K in 0.001s (800 MB/s)
Downloaded: 9 files, 432K in 0.001s (743 MB/s)
Downloaded: 9 files, 432K in 0.001s (833 MB/s)
Downloaded: 9 files, 432K in 0.001s (838 MB/s)
Downloaded: 9 files, 432K in 0.001s (834 MB/s)
Downloaded: 9 files, 432K in 0.001s (561 MB/s)
Downloaded: 9 files, 432K in 0.001s (807 MB/s)
Downloaded: 9 files, 432K in 0.001s (752 MB/s)
Downloaded: 9 files, 432K in 0.001s (766 MB/s)
Downloaded: 9 files, 432K in 0.001s (838 MB/s)
Downloaded: 9 files, 432K in 0.001s (815 MB/s)
Downloaded: 9 files, 432K in 0.001s (834 MB/s)
Downloaded: 9 files, 432K in 0.001s (814 MB/s)
Downloaded: 9 files, 432K in 0.001s (840 MB/s)
Downloaded: 9 files, 432K in 0.001s (791 MB/s)
Downloaded: 9 files, 432K in 0.001s (790 MB/s)
Downloaded: 9 files, 432K in 0s (846 MB/s)
Downloaded: 9 files, 432K in 0.001s (805 MB/s)
Downloaded: 9 files, 432K in 0.001s (807 MB/s)
Downloaded: 9 files, 432K in 0s (848 MB/s)
Downloaded: 9 files, 432K in 0.001s (839 MB/s)
Downloaded: 9 files, 432K in 0s (852 MB/s)
Downloaded: 9 files, 432K in 0.001s (826 MB/s)
